book name,price
Where the Crawdads Sing,14
Little Fires Everywhere: A Novel,12
Before We Were Yours: A Novel,12
An American Marriage (Oprah's Book Club): A Novel,8
The Great Alone: A Novel,14
The Girl Who Lived: A Thrilling Suspense Novel,0
The Outsider: A Novel,13
It All Comes Back to You: A Book Club Recommendation!,0
Origin: A Novel (Robert Langdon Book 5),9
Beneath a Scarlet Sky: A Novel,0
Red Sparrow: A Novel (The Red Sparrow Trilogy Book 1),8
Tom Clancy Oath of Office (A Jack Ryan Novel Book 15),14
The Other Woman: A Novel,9
Crazy Rich Asians (Crazy Rich Asians Trilogy Book 1),9
Fire & Blood: 300 Years Before A Game of Thrones (A Targaryen History) (A Song of Ice and Fire Book 1),15
"1,000 Books to Read Before You Die: A Life-Changing List",9
Milk and Honey,7
When Life Gives You Lululemons,12
The Guest Book: A Novel,14
Mrs. Everything: A Novel,14
Under Currents: A Novel,14
Eleanor Oliphant Is Completely Fine: A Novel,11
The Bookshop on the Shore: A Novel,10
The Silent Wife: A gripping emotional page turner with a twist that will take your breath away,3
Cut and Run,0
Red Metal,13
The New Girl: A Novel (Gabriel Allon Book 19),14
Jack of Spades: Hunting Lee Child's Jack Reacher (The Hunt For Jack Reacher Series Book 11),7
A Shot at Love (The Village Romance Series Book 1),0
Paradise Crime Thrillers Box Set: Books 1-3: Vigilante Justice Thriller Series (Paradise Crime Thriller Box Set Book 1),0
Big Sky (Jackson Brodie Book 5),0
Star Force: First Contact Fallout (Star Force Universe Book 65),0
The Alice Network: A Novel,11
The Healing Jar (The Prayer Jars Book 3),11
A Reluctant Bride (The Bride Ships Book #1),9
Then She Was Gone: A Novel,11
By the Book: A Book Club Recommendation!,11
Backlash: A Thriller (The Scot Harvath Series Book 19),14
Lovina's Amish Family Secrets: A collection of Amish Romance,0
The Labyrinth of the Spirits (Cemetery of Forgotten Books),12
Bark of Night (An Andy Carpenter Novel Book 19),14
Queen Bee: A Novel,12
The Last Book Party,13
The Tuscan Child,0
Sea Witch Cozy Mysteries: 4 Book Box Set,0
Tangle (Dogwood Lane Book 2),0
A Dog's Journey: A Novel (A Dog's Purpose series Book 2),9
Window on the Bay,13
Mission Critical (Gray Man Book 8),13
"Cave of Bones: A Leaphorn, Chee & Manuelito Novel (A Leaphorn and Chee Novel Book 22)",0
Constitution: Book 1 of The Legacy Fleet Series,0
Girls Like Us,13
The Book Woman of Troublesome Creek: A Novel,9
Tom Clancy Enemy Contact (A Jack Ryan Jr. Novel Book 12),14
Spymaster: A Thriller (The Scot Harvath Series Book 18),8
Firefly Lane: A Novel,9
The Nickel Boys: A Novel,12
Turning Angel: A Novel (Penn Cage Book 2),0
Sooner or Later (Deliverance Company series Book 2),0
Haunted Moon (Samantha Moon Origins Book 3),0
Rules of Civility: A Novel,12
"Carolina Moon Box Set, Books 1-3",0
After We Collided (The After Series Book 2),11
"Kiki Lowenstein Cozy Mystery Books 1-3: Three Cozy Mysteries With Dogs, Cats, and Hobbies (Kiki Lowenstein Cozy Mystery Series)",0
Sold on a Monday: A Novel,6
The Price of Time,0
The Book Supremacy (Bibliophile Mystery 13),12
The Wedding Party,11
The Man in the High Castle,0
Inheriting Edith: A Novel,0
Contraband (A Stone Barrington Novel Book 50),14
Yule Log Eulogy (MURDER IN THE MIX Book 16),0
"The Book of Life: A Novel (All Souls Trilogy, Book 3)",13
The Summer Retreat (A Moonlight Harbor Novel Book 3),9
Temptation's Darling,13
The Alchemist,11
We Were the Lucky Ones: A Novel,11
Evvie Drake Starts Over: A Novel,12
The Whitlock Trilogy,0
"Billionaire Unmasked ~ Jason (The Billionaire's Obsession, Book 6)",0
Secrets Never Die (Morgan Dane Book 5),0
"Good Omens: The Nice and Accurate Prophecies of Agnes Nutter, Witch",7
The Oracle (A Sam and Remi Fargo Adventure Book 11),14
The Nightingale: A Novel,9
The Cactus: A Novel,9
Wild Card (A Stone Barrington Novel Book 49),14
"A Game of Thrones (A Song of Ice and Fire, Book 1)",8
Dark Hollow: A Novel (Charlie Parker Book 2),0
"Nick Bracco Thriller Series: Box Set: Includes: In the Beginning, Nick Bracco short story. (Books 1-3)",0
Americanah (Ala Notable Books for Adults),10
The Quite Nice and Fairly Accurate Good Omens Script Book: The Script Book,10
Rage (Her Monsters Book 1),0
The Hive: Book 2 of The Second Formic War,13
After We Fell (The After Series Book 3),11
People of the Book: A Novel,13
Kyle Achilles Series Complete Collection,0
Infiltration (Animus Book 8),0
Heart of Barkness (A Chet & Bernie Mystery Book 9),13
"The Girl in the Box Series, Books 1-3: Alone, Untouched and Soulless",0
House of Spies: A Novel (Gabriel Allon Book 17),9
